{
    "NONE":138785180.7142857,
    "TODO":151694419.625,
    "PROGRESS":161779809,
    "REVIEW":161779452.66666666,
    "DONE":145641722.8,
    "DELETED":0
  }